{"cameraMode":{"drawMode":0,"name":"Shaded","section":"Shading Mode"},"sceneLighting":false,"audioPlay":false,"sceneViewState":{"m_AlwaysRefresh":false,"showFog":true,"showSkybox":true,"showFlares":true,"showImageEffects":true,"showParticleSystems":true,"showVisualEffectGraphs":true,"m_FxEnabled":true},"in2DMode":false,"pivot":{"x":1.020372748374939,"y":0.000003874301910400391,"z":0.10367202758789063},"rotation":{"x":-0.05201501026749611,"y":-0.9476431012153626,"z":0.23614075779914857,"w":-0.20880912244319917},"size":0.3428020179271698,"orthographic":false}