{"cameraMode":{"drawMode":0,"name":"Shaded","section":"Shading Mode"},"sceneLighting":false,"audioPlay":false,"sceneViewState":{"m_AlwaysRefresh":false,"showFog":false,"showSkybox":false,"showFlares":false,"showImageEffects":false,"showParticleSystems":false,"showVisualEffectGraphs":true,"m_FxEnabled":true},"in2DMode":false,"pivot":{"x":-0.3517681956291199,"y":1.4030680656433106,"z":-0.009153484366834164},"rotation":{"x":-0.0074590593576431278,"y":-0.9894030690193176,"z":0.1344025731086731,"w":-0.055549368262290958},"size":0.9500764608383179,"orthographic":false}