{"cameraMode":{"drawMode":0,"name":"Shaded","section":"Shading Mode"},"sceneLighting":false,"audioPlay":false,"sceneViewState":{"m_AlwaysRefresh":false,"showFog":false,"showSkybox":false,"showFlares":false,"showImageEffects":false,"showParticleSystems":false,"showVisualEffectGraphs":true,"m_FxEnabled":true},"in2DMode":false,"pivot":{"x":0.25042271614074709,"y":0.5688589215278626,"z":0.22166931629180909},"rotation":{"x":0.00011099299445049837,"y":-0.9548468589782715,"z":0.29726362228393557,"w":0.0003046737110707909},"size":1.8001420497894288,"orthographic":false}